{"cameraMode":{"drawMode":0,"name":"Shaded","section":"Shading Mode"},"sceneLighting":true,"audioPlay":false,"sceneViewState":{"showFog":true,"showMaterialUpdate":false,"showSkybox":true,"showFlares":true,"showImageEffects":true,"showParticleSystems":true},"in2DMode":false,"pivot":{"x":669.4656982421875,"y":-36.08211135864258,"z":364.4764099121094},"rotation":{"x":0.34168946743011477,"y":-0.18058159947395326,"z":0.06813353300094605,"w":0.9200037717819214},"size":235.9998016357422,"orthographic":false}