{"cameraMode":{"drawMode":0,"name":"Shaded","section":"Shading Mode"},"sceneLighting":true,"audioPlay":false,"sceneViewState":{"showFog":true,"showMaterialUpdate":false,"showSkybox":true,"showFlares":true,"showImageEffects":true,"showParticleSystems":true},"in2DMode":false,"pivot":{"x":-10.044548034667969,"y":-4.181023597717285,"z":-0.1228933334350586},"rotation":{"x":0.23414473235607148,"y":-0.5265099406242371,"z":0.1535765528678894,"w":0.802742600440979},"size":33.68998336791992,"orthographic":false}