{"cameraMode":{"drawMode":0,"name":"Shaded","section":"Shading Mode"},"sceneLighting":true,"audioPlay":false,"sceneViewState":{"showFog":true,"showMaterialUpdate":false,"showSkybox":true,"showFlares":true,"showImageEffects":true,"showParticleSystems":true},"in2DMode":false,"pivot":{"x":308.4298095703125,"y":301.83636474609377,"z":-181.07540893554688},"rotation":{"x":-0.4395841956138611,"y":-0.13560247421264649,"z":0.06753718107938767,"w":-0.8855209946632385},"size":531.1318359375,"orthographic":false}