{"cameraMode":{"drawMode":0,"name":"Shaded","section":"Shading Mode"},"sceneLighting":true,"audioPlay":false,"sceneViewState":{"showFog":true,"showMaterialUpdate":false,"showSkybox":true,"showFlares":true,"showImageEffects":true,"showParticleSystems":true},"in2DMode":false,"pivot":{"x":732.5248413085938,"y":-253.86090087890626,"z":291.5705871582031},"rotation":{"x":-0.37689849734306338,"y":0.2981104850769043,"z":-0.1294044703245163,"w":-0.8675583004951477},"size":458.55926513671877,"orthographic":false}