{"cameraMode":{"drawMode":0,"name":"Shaded","section":"Shading Mode"},"sceneLighting":true,"audioPlay":false,"sceneViewState":{"showFog":true,"showMaterialUpdate":false,"showSkybox":true,"showFlares":true,"showImageEffects":true,"showParticleSystems":true},"in2DMode":false,"pivot":{"x":957.2530517578125,"y":-19.206680297851564,"z":19.685596466064454},"rotation":{"x":0.04365607723593712,"y":0.9427472949028015,"z":-0.13237035274505616,"w":0.3037194013595581},"size":146.8612060546875,"orthographic":false}