{"cameraMode":{"drawMode":0,"name":"Shaded","section":"Shading Mode"},"sceneLighting":true,"audioPlay":false,"sceneViewState":{"showFog":true,"showMaterialUpdate":false,"showSkybox":true,"showFlares":true,"showImageEffects":true,"showParticleSystems":true},"in2DMode":false,"pivot":{"x":545.8739624023438,"y":-17.607315063476564,"z":1522.2843017578125},"rotation":{"x":0.12599526345729829,"y":0.012838291004300118,"z":-0.0006654891185462475,"w":0.9921500086784363},"size":2207.8955078125,"orthographic":false}