{"cameraMode":{"drawMode":0,"name":"Shaded","section":"Shading Mode"},"sceneLighting":true,"audioPlay":false,"sceneViewState":{"showFog":true,"showMaterialUpdate":false,"showSkybox":true,"showFlares":true,"showImageEffects":true,"showParticleSystems":true},"in2DMode":false,"pivot":{"x":724.5302734375,"y":55.67284393310547,"z":279.9678955078125},"rotation":{"x":-0.18869590759277345,"y":0.4661549925804138,"z":-0.1023288145661354,"w":-0.8584551811218262},"size":3.124121904373169,"orthographic":false}