{"cameraMode":{"drawMode":0,"name":"Shaded","section":"Shading Mode"},"sceneLighting":true,"audioPlay":false,"sceneViewState":{"showFog":true,"showMaterialUpdate":false,"showSkybox":true,"showFlares":true,"showImageEffects":true,"showParticleSystems":true},"in2DMode":false,"pivot":{"x":647.8353271484375,"y":380.5581359863281,"z":163.43109130859376},"rotation":{"x":-0.05771365016698837,"y":-0.12397609651088715,"z":-0.0072086830623447899,"w":0.9906328916549683},"size":877.2005615234375,"orthographic":false}