{"cameraMode":{"drawMode":0,"name":"Shaded","section":"Shading Mode"},"sceneLighting":true,"audioPlay":false,"sceneViewState":{"showFog":true,"showMaterialUpdate":false,"showSkybox":true,"showFlares":true,"showImageEffects":true,"showParticleSystems":true},"in2DMode":false,"pivot":{"x":252.195556640625,"y":-290.2897033691406,"z":245.62698364257813},"rotation":{"x":0.21791791915893556,"y":-0.70306795835495,"z":0.2441166639328003,"w":0.6316717267036438},"size":786.0140380859375,"orthographic":false}