{"cameraMode":{"drawMode":0,"name":"Shaded","section":"Shading Mode"},"sceneLighting":true,"audioPlay":false,"sceneViewState":{"showFog":true,"showMaterialUpdate":false,"showSkybox":true,"showFlares":true,"showImageEffects":true,"showParticleSystems":true},"in2DMode":false,"pivot":{"x":864.1448364257813,"y":55.432945251464847,"z":137.12606811523438},"rotation":{"x":0.20430642366409303,"y":-0.4315113127231598,"z":0.10080530494451523,"w":0.8730365633964539},"size":5.7157673835754398,"orthographic":false}