{"cameraMode":{"drawMode":0,"name":"Shaded","section":"Shading Mode"},"sceneLighting":true,"audioPlay":false,"sceneViewState":{"showFog":true,"showMaterialUpdate":false,"showSkybox":true,"showFlares":true,"showImageEffects":true,"showParticleSystems":true},"in2DMode":false,"pivot":{"x":847.3011474609375,"y":-38.89179611206055,"z":51.31885528564453},"rotation":{"x":-0.10245458036661148,"y":0.8899401426315308,"z":-0.37079474329948428,"w":-0.2456442266702652},"size":108.87144470214844,"orthographic":false}