{"cameraMode":{"drawMode":0,"name":"Shaded","section":"Shading Mode"},"sceneLighting":true,"audioPlay":false,"sceneViewState":{"showFog":true,"showMaterialUpdate":false,"showSkybox":true,"showFlares":true,"showImageEffects":true,"showParticleSystems":true},"in2DMode":false,"pivot":{"x":855.8898315429688,"y":-21.347946166992189,"z":88.77684783935547},"rotation":{"x":-0.41189444065093996,"y":-0.033611591905355456,"z":0.015225039795041085,"w":-0.9105624556541443},"size":268.54510498046877,"orthographic":false}