{"cameraMode":{"drawMode":0,"name":"Shaded","section":"Shading Mode"},"sceneLighting":true,"audioPlay":false,"sceneViewState":{"showFog":true,"showMaterialUpdate":false,"showSkybox":true,"showFlares":true,"showImageEffects":true,"showParticleSystems":true},"in2DMode":false,"pivot":{"x":856.794189453125,"y":15.813253402709961,"z":124.09774017333985},"rotation":{"x":0.007747974246740341,"y":0.12715747952461244,"z":-0.0009695267654024065,"w":0.991904616355896},"size":85.73653411865235,"orthographic":false}