{"cameraMode":{"drawMode":0,"name":"Shaded","section":"Shading Mode"},"sceneLighting":true,"audioPlay":false,"sceneViewState":{"showFog":true,"showMaterialUpdate":false,"showSkybox":true,"showFlares":true,"showImageEffects":true,"showParticleSystems":true},"in2DMode":false,"pivot":{"x":829.5999755859375,"y":17.829999923706056,"z":135.39999389648438},"rotation":{"x":-0.41189444065093996,"y":-0.033611591905355456,"z":0.015225039795041085,"w":-0.9105624556541443},"size":14.289420127868653,"orthographic":false}