{"cameraMode":{"drawMode":0,"name":"Shaded","section":"Shading Mode"},"sceneLighting":true,"audioPlay":false,"sceneViewState":{"showFog":true,"showMaterialUpdate":false,"showSkybox":true,"showFlares":true,"showImageEffects":true,"showParticleSystems":true},"in2DMode":false,"pivot":{"x":884.389404296875,"y":85.29222869873047,"z":132.93592834472657},"rotation":{"x":-0.5056259036064148,"y":0.4582579731941223,"z":-0.3657737970352173,"w":-0.6331289410591126},"size":5.7157673835754398,"orthographic":false}