{"cameraMode":{"drawMode":0,"name":"Shaded","section":"Shading Mode"},"sceneLighting":true,"audioPlay":false,"sceneViewState":{"showFog":true,"showMaterialUpdate":false,"showSkybox":true,"showFlares":true,"showImageEffects":true,"showParticleSystems":true},"in2DMode":false,"pivot":{"x":198.45230102539063,"y":-12.293159484863282,"z":807.8538208007813},"rotation":{"x":-0.17522644996643067,"y":0.5804420113563538,"z":-0.12900039553642274,"w":-0.7849205732345581},"size":155.13864135742188,"orthographic":false}