{"cameraMode":{"drawMode":0,"name":"Shaded","section":"Shading Mode"},"sceneLighting":true,"audioPlay":false,"sceneViewState":{"showFog":true,"showMaterialUpdate":false,"showSkybox":true,"showFlares":true,"showImageEffects":true,"showParticleSystems":true},"in2DMode":false,"pivot":{"x":611.8536987304688,"y":-128.41319274902345,"z":509.6723937988281},"rotation":{"x":0.3329037129878998,"y":0.007881836034357548,"z":-0.0017006651032716036,"w":0.9431676864624023},"size":359.6484069824219,"orthographic":false}