{"cameraMode":{"drawMode":0,"name":"Shaded","section":"Shading Mode"},"sceneLighting":true,"audioPlay":false,"sceneViewState":{"showFog":true,"showMaterialUpdate":false,"showSkybox":true,"showFlares":true,"showImageEffects":true,"showParticleSystems":true},"in2DMode":false,"pivot":{"x":850.5576782226563,"y":11.922597885131836,"z":81.82667541503906},"rotation":{"x":-0.1814877986907959,"y":0.39789173007011416,"z":-0.08042401820421219,"w":-0.8958759903907776},"size":61.7540397644043,"orthographic":false}