{"cameraMode":{"drawMode":0,"name":"Shaded","section":"Shading Mode"},"sceneLighting":true,"audioPlay":false,"sceneViewState":{"showFog":true,"showMaterialUpdate":false,"showSkybox":true,"showFlares":true,"showImageEffects":true,"showParticleSystems":true},"in2DMode":false,"pivot":{"x":851.2233276367188,"y":-0.11999999731779099,"z":136.97882080078126},"rotation":{"x":-0.41097334027290347,"y":-0.07005881518125534,"z":0.03191900625824928,"w":-0.9085745811462402},"size":106.23844909667969,"orthographic":false}